-- Android Team
INSERT INTO teams (id, name) VALUES (1, 'Android Team');
INSERT INTO users (id, eid, first, last) VALUES (2, 'njbrown', 'Nathan', 'Brown');
INSERT INTO teams_users (team_id, user_id) VALUES (1, 2);
INSERT INTO users (id, eid, first, last) VALUES (3, 'da6', 'Da', 'Chen');
INSERT INTO teams_users (team_id, user_id) VALUES (1, 3);
INSERT INTO users (id, eid, first, last) VALUES (4, 'damonjones321', 'Damon', 'Jones');
INSERT INTO teams_users (team_id, user_id) VALUES (1, 4);
INSERT INTO users (id, eid, first, last) VALUES (5, 'willschabel', 'Will', 'Schabel');
INSERT INTO teams_users (team_id, user_id) VALUES (1, 5);
INSERT INTO users (id, eid, first, last) VALUES (6, 'steinlagen', 'Nate', 'Steinlage');
INSERT INTO teams_users (team_id, user_id) VALUES (1, 6);
INSERT INTO users (id, eid, first, last) VALUES (7, 'eaglewidenor', 'George', 'Widenor');
INSERT INTO teams_users (team_id, user_id) VALUES (1, 7);
INSERT INTO users (id, eid, first, last) VALUES (8, 'siddharthy1999', 'Siddarth', 'Yadav');
INSERT INTO teams_users (team_id, user_id) VALUES (1, 8);

-- Angular Team
INSERT INTO teams (id, name) VALUES (2, 'Angular Team');
INSERT INTO users (id, eid, first, last) VALUES (9, 'ahess', 'Austin', 'Hess');
INSERT INTO teams_users (team_id, user_id) VALUES (2, 9);
INSERT INTO users (id, eid, first, last) VALUES (10, 'akshay1999', 'Akshay', 'Mhatre');
INSERT INTO teams_users (team_id, user_id) VALUES (2, 10);
INSERT INTO users (id, eid, first, last) VALUES (11, 'zbnelson', 'Zachary', 'Nelson');
INSERT INTO teams_users (team_id, user_id) VALUES (2, 11);
INSERT INTO users (id, eid, first, last) VALUES (12, 'markisn', 'Markis', 'Nguyen');
INSERT INTO teams_users (team_id, user_id) VALUES (2, 12);
INSERT INTO users (id, eid, first, last) VALUES (13, 'tjr2020', 'Trevor', 'Reynolds');
INSERT INTO teams_users (team_id, user_id) VALUES (2, 13);
INSERT INTO users (id, eid, first, last) VALUES (14, 'mcsmih', 'Matthew', 'Smith');
INSERT INTO teams_users (team_id, user_id) VALUES (2, 14);
INSERT INTO users (id, eid, first, last) VALUES (15, 'fvelarde', 'Fernando', 'Velarde');
INSERT INTO teams_users (team_id, user_id) VALUES (2, 15);

-- Data Team
INSERT INTO teams (id, name) VALUES (3, 'Data Team');
INSERT INTO users (id, eid, first, last) VALUES (16, 'ahmedns95', 'Ahmed', 'Alnassar');
INSERT INTO teams_users (team_id, user_id) VALUES (3, 16);
INSERT INTO users (id, eid, first, last) VALUES (17, 'bcamos', 'Ben', 'Amos');
INSERT INTO teams_users (team_id, user_id) VALUES (3, 17);
INSERT INTO users (id, eid, first, last) VALUES (18, 'xan', 'Xan', 'Denniston');
INSERT INTO teams_users (team_id, user_id) VALUES (3, 18);
INSERT INTO users (id, eid, first, last) VALUES (19, 'braxtong', 'Braxton', 'George');
INSERT INTO teams_users (team_id, user_id) VALUES (3, 19);
INSERT INTO users (id, eid, first, last) VALUES (20, 'yijun', 'Yujin', 'Lin');
INSERT INTO teams_users (team_id, user_id) VALUES (3, 20);
INSERT INTO users (id, eid, first, last) VALUES (21, 'mjllewelyn', 'Matt', 'Llewelyn');
INSERT INTO teams_users (team_id, user_id) VALUES (3, 21);
INSERT INTO users (id, eid, first, last) VALUES (22, 'schafe44', 'Tanner', 'Schafer');
INSERT INTO teams_users (team_id, user_id) VALUES (3, 22);
INSERT INTO users (id, eid, first, last) VALUES (23, 'csnell1809', 'Caroline', 'Snell');
INSERT INTO teams_users (team_id, user_id) VALUES (3, 23);

-- React team
INSERT INTO teams (id, name) VALUES (4, 'React Team');
INSERT INTO users (id, eid, first, last) VALUES (24, 'sbrunner5124', 'Sam', 'Brunner');
INSERT INTO teams_users (team_id, user_id) VALUES (4, 24);
INSERT INTO users (id, eid, first, last) VALUES (25, 'cbcerna', 'Carlos', 'Cerna');
INSERT INTO teams_users (team_id, user_id) VALUES (4, 25);
INSERT INTO users (id, eid, first, last) VALUES (26, 'bhartman24', 'Benjamin', 'Hartman');
INSERT INTO teams_users (team_id, user_id) VALUES (4, 26);
INSERT INTO users (id, eid, first, last) VALUES (27, 'tholt15', 'Trevor', 'Holthaus');
INSERT INTO teams_users (team_id, user_id) VALUES (4, 27);
INSERT INTO users (id, eid, first, last) VALUES (28, 'jmhunt29', 'Jasmine', 'Hunt');
INSERT INTO teams_users (team_id, user_id) VALUES (4, 28);
INSERT INTO users (id, eid, first, last) VALUES (29, 'gness9', 'Glenn', 'Ness');
INSERT INTO teams_users (team_id, user_id) VALUES (4, 29);
INSERT INTO users (id, eid, first, last) VALUES (30, 'etnguyen84', 'Ethan', 'Nguyen');
INSERT INTO teams_users (team_id, user_id) VALUES (4, 30);

-- Vue.js team
INSERT INTO teams (id, name) VALUES (5, 'Vue Team');
INSERT INTO users (id, eid, first, last) VALUES (31, 'michaelbrinkman98', 'Michael', 'Brinkman');
INSERT INTO teams_users (team_id, user_id) VALUES (5, 31);
INSERT INTO users (id, eid, first, last) VALUES (32, 'wwchan', 'Weston', 'Chan');
INSERT INTO teams_users (team_id, user_id) VALUES (5, 32);
INSERT INTO users (id, eid, first, last) VALUES (33, 'benjaminc', 'Benjamin', 'Cooper');
INSERT INTO teams_users (team_id, user_id) VALUES (5, 33);
INSERT INTO users (id, eid, first, last) VALUES (34, 'ekingrey19', 'Ethan', 'Kingrey');
INSERT INTO teams_users (team_id, user_id) VALUES (5, 34);
INSERT INTO users (id, eid, first, last) VALUES (35, 'generalpineapple', 'Colden', 'Miller');
INSERT INTO teams_users (team_id, user_id) VALUES (5, 35);
INSERT INTO users (id, eid, first, last) VALUES (36, 'ajstene', 'Andrew', 'Stene');
INSERT INTO teams_users (team_id, user_id) VALUES (5, 36);
